text,label
Internet not working,Technical Support
Unable to login,Technical Support
Want to change my plan,Billing
Need help with charges,Billing
Cancel my subscription,Account
Update my email,Account
WiFi keeps dropping,Technical Support
Forgot my password,Technical Support
How to upgrade my plan,Billing
Incorrect billing amount,Billing
Close my account,Account
Change my account password,Account
Cannot connect to VPN,Technical Support
Login page not loading,Technical Support
Request refund for last month,Billing
Charged twice for service,Billing
Deactivate my account,Account
Reset my security questions,Account
Slow internet speed,Technical Support
App crashes on startup,Technical Support
Add a new payment method,Billing
Billing statement is incorrect,Billing
Update my profile information,Account
Unlock my account,Account
Router firmware update issue,Technical Support
Error 404 on website,Technical Support
Dispute last invoice,Billing
Overcharged this month,Billing
Delete my account permanently,Account
Change my contact number,Account
Cannot send emails,Technical Support
Email sync issue,Technical Support
Upgrade to premium plan,Billing
Late fee charges,Billing
Reactivate suspended account,Account
Change account email,Account
Printer not connecting,Technical Support
Password reset not working,Technical Support
Get invoice for previous month,Billing
Billing cycle questions,Billing
Close secondary account,Account
Update billing address,Account
Trouble streaming videos,Technical Support
Mobile app login failed,Technical Support
Dispute a charge,Billing
Payment failed last transaction,Billing
Change account security settings,Account
Request account deletion,Account
Network outage in area,Technical Support
Software installation help,Technical Support
Refund request,Billing
Billing dispute unresolved,Billing
Deactivate additional user,Account
Reset two-factor authentication,Account
Cannot access customer portal,Technical Support
Trouble uploading documents,Technical Support
Payment plan options,Billing
Overpayment refund,Billing
Update user roles,Account
Account locked after failed attempts,Account
WiFi password reset,Technical Support
Laptop won't connect to network,Technical Support
Check billing history,Billing
Billing payment confirmation,Billing
Change subscription type,Account
Email change confirmation,Account
VPN connection drops,Technical Support
Phone app crashes frequently,Technical Support
Request billing adjustment,Billing
Incorrect billing address,Billing
Remove linked account,Account
Account recovery assistance,Account
No internet access after update,Technical Support
App unable to sync data,Technical Support
Invoice copy request,Billing
Billing support needed,Billing
Close dormant account,Account
Update account preferences,Account
Router connectivity issues,Technical Support
Trouble with video calls,Technical Support
Dispute last payment,Billing
Billing plan upgrade,Billing
Account details update,Account
Password reset email not received,Account
Internet speed test not working,Technical Support
Email notifications not received,Technical Support
Clarify billing charges,Billing
Cancel recurring payment,Billing
Delete old account data,Account
Account suspended temporarily,Account
Modem setup help,Technical Support
Cannot download app updates,Technical Support
Billing information update,Billing
Late payment fees,Billing
Update user email,Account
Unlock locked account,Account
Slow connection during calls,Technical Support
Mobile data not working,Technical Support
Payment refund status,Billing
Billing cycle details,Billing
Change account username,Account
Request account verification,Account
WiFi connectivity unstable,Technical Support
App login issues,Technical Support
Review last payment,Billing
Dispute incorrect charge,Billing
Deactivate unused accounts,Account
Change account password,Account
Network slow during peak hours,Technical Support
Software update errors,Technical Support
Billing support contact,Billing
Payment failed notification,Billing
Update security questions,Account
Account recovery process,Account
Internet disconnects frequently,Technical Support
App crashes after login,Technical Support
Request billing statement,Billing
Billing dispute resolution,Billing
Remove old user accounts,Account
Reset account password,Account
Router not detected,Technical Support
Unable to open app,Technical Support
Billing cycle questions,Billing
Incorrect invoice amount,Billing
Close inactive accounts,Account
Update email settings,Account
Connection drops randomly,Technical Support
App freezes on launch,Technical Support
Refund for wrong charge,Billing
Billing errors correction,Billing
Delete secondary accounts,Account
Change user permissions,Account
Slow internet after hours,Technical Support
Mobile app sync error,Technical Support
Dispute payment charges,Billing
Payment confirmation needed,Billing
Reset security settings,Account
Unlock suspended account,Account
WiFi signal weak,Technical Support
App login error,Technical Support
Billing inquiry,Technical Support
Billing cycle update,Billing
Account closure request,Account
Change account information,Account
Internet connection timeout,Technical Support
App not responding,Technical Support
Payment history request,Billing
Dispute last billing cycle,Billing
Deactivate account temporarily,Account
Update profile info,Account
Router reboot required,Technical Support
App update failed,Technical Support
Billing issues escalated,Billing
Late fee waiver request,Billing
Account password change,Account
Unlock account locked by system,Account
Slow download speed,Technical Support
App crashes during use,Technical Support
Request billing refund,Billing
Billing clarification needed,Billing
Delete old profiles,Account
Reset login credentials,Account
Network speed fluctuations,Technical Support
App cannot open files,Technical Support
Billing error on invoice,Billing
Cancel subscription charges,Billing
Remove linked profiles,Account
Update contact information,Account
Trouble with email client,Technical Support
Mobile app crash report,Technical Support
Payment dispute submission,Billing
Billing system error,Billing
Close unused account,Account
Change security questions,Account
WiFi drops intermittently,Technical Support
App stuck on loading screen,Technical Support
Request invoice copy,Billing
Billing support request,Billing
Delete old data,Account
Reset account security,Account
Router not connecting,Technical Support
App installation failed,Technical Support
Billing payment delay,Billing
Billing inquiry status,Billing
Deactivate secondary account,Account
Update user info,Account
Internet not available,Technical Support
App login failure,Technical Support
Billing refund request,Billing
Billing complaint,Billing
Account locked due to inactivity,Account
Change email address,Account
Slow internet connection,Technical Support
Mobile app error,Technical Support
Payment failed recently,Billing
Dispute last payment,Billing
Reset password link not received,Account
Unlock account after suspension,Account
WiFi not connecting,Technical Support
App crashes on update,Technical Support
Request billing details,Billing
Billing charge inquiry,Billing
Close account permanently,Account
Update account email,Account
Router firmware update needed,Technical Support
App error on start,Technical Support
Billing refund processing,Billing
Billing dispute pending,Billing
Deactivate old accounts,Account
Change account contact,Account
Internet speed low,Technical Support
App freezes after login,Technical Support
Dispute payment charge,Billing
Billing issues unresolved,Billing
Delete user accounts,Account
Reset login info,Account
Slow WiFi speed,Technical Support
App crash logs,Technical Support
Billing question,Technical Support
Billing payment problems,Billing
Account closure confirmation,Account
Change password request,Account
Network disconnects often,Technical Support
App unable to login,Technical Support
Billing refund pending,Billing
Billing dispute follow-up,Billing
Deactivate extra user,Account
Update security info,Account
WiFi unstable connection,Technical Support
App loading issues,Technical Support
Request payment invoice,Billing
Billing support needed,Billing
Delete unused accounts,Account
Reset account password,Account
Router not working properly,Technical Support
App update required,Technical Support
Billing payment overdue,Billing
Billing charge discrepancy,Billing
Deactivate account permanently,Account
Change user email,Account
Internet drops frequently,Technical Support
App crashes during startup,Technical Support
Billing inquiry status,Billing
Billing dispute resolution,Billing
Close secondary accounts,Account
Update user profile,Account
Trouble with WiFi signal,Technical Support
Mobile app crashes,Technical Support
Dispute recent charge,Billing
Payment confirmation pending,Billing
Reset account security questions,Account
Unlock suspended user account,Account
WiFi signal lost randomly,Technical Support
App login problems,Technical Support
Billing clarification,Technical Support
Billing cycle info,Billing
Account termination request,Account
Change account password,Account
Internet connection lost,Technical Support
App freezes frequently,Technical Support
Payment refund processing,Billing
Billing complaint pending,Billing
Delete old user profiles,Account
Reset login credentials,Account
Router not connecting properly,Technical Support
App fails to launch,Technical Support
Billing payment delay notice,Billing
Billing inquiry update,Billing
Deactivate secondary accounts,Account
Update contact details,Account
Internet not working properly,Technical Support
App login issues,Technical Support
Billing refund requested,Billing
Billing issue unresolved,Billing
Account locked after inactivity,Account
Change email info,Account
Slow internet browsing,Technical Support
Mobile app login failure,Technical Support
Payment failed notification,Billing
Dispute billing charges,Billing
Reset password email not received,Account
Unlock user account after suspension,Account
WiFi disconnected frequently,Technical Support
App crashes on use,Technical Support
Request billing statement,Billing
Billing support follow-up,Billing
Delete unused profiles,Account
Reset account password,Account
Router setup issues,Technical Support
App update error,Technical Support
Billing payment overdue notice,Billing
Billing charge dispute,Billing
Deactivate user accounts,Account
Change user contact info,Account
Internet speed issues,Technical Support
App freezes during operation,Technical Support
Billing question about charges,Billing
Billing payment problems ongoing,Billing
Account closure request submitted,Account
Change account password request,Account
Network connection problems,Technical Support
App unable to login properly,Technical Support
Billing refund request submitted,Billing
Billing dispute resolution pending,Billing
Deactivate extra accounts,Account
Update account security info,Account
WiFi unstable during peak hours,Technical Support
App loading error,Technical Support
Request payment invoice copy,Billing
Billing support required,Billing
Delete unused user accounts,Account
Reset account password link,Account
Router connectivity issues persist,Technical Support
App update failed to install,Technical Support
Billing payment overdue reminder,Billing
Billing charge discrepancy noticed,Billing
Deactivate inactive accounts,Account
Change user email address,Account
Internet drops frequently in area,Technical Support
App crashes on startup screen,Technical Support
Billing inquiry status updated,Billing
Billing dispute resolution ongoing,Billing
Close secondary accounts permanently,Account
Update user profile info,Account
Trouble with WiFi connectivity,Technical Support
Mobile app crashes unexpectedly,Technical Support
Dispute recent billing charge,Billing
Payment confirmation pending from bank,Billing
Reset security questions for account,Account
Unlock suspended user account permanently,Account
WiFi signal lost intermittently,Technical Support
App login problems resolved,Technical Support
Billing clarification requested,Technical Support
Billing cycle information requested,Billing
Account termination request submitted,Account
Change account password immediately,Account
Internet connection lost frequently,Technical Support
App freezes frequently during use,Technical Support
Payment refund processing initiated,Billing
Billing complaint pending resolution,Billing
Delete old user profiles permanently,Account
Reset login credentials requested,Account
Router not connecting properly again,Technical Support
App fails to launch properly,Technical Support
Billing payment delay notice received,Billing
Billing inquiry update requested,Billing
Deactivate secondary accounts permanently,Account
Update contact details for account,Account
Internet not working properly again,Technical Support
App login issues persist,Technical Support
Billing refund requested urgently,Billing
Billing issue unresolved for weeks,Billing
Account locked after inactivity period,Account
Change email info for account,Account
Slow internet browsing speed,Technical Support
Mobile app login failure repeatedly,Technical Support
Payment failed notification received,Billing
Dispute billing charges for last month,Billing
Reset password email not received again,Account
Unlock user account after suspension period,Account
WiFi disconnected frequently during work hours,Technical Support
App crashes on use frequently,Technical Support
Request billing statement urgently,Billing
Billing support follow-up needed,Billing
Delete unused profiles permanently,Account
Reset account password immediately,Account
Router setup issues persist,Technical Support
